entity_id,trip_id,route_id,vehicle_id,latitude,longitude,current_stop_id,current_stop_name,current_stop_sequence,current_status,route_type,timestamp,current_stop_lat,current_stop_lon
1,11312_3434,54B,1001,51.749168395996094,19.509660720825195,3747,Niciarniana-Dw. Łódź Zarzew NŻ,10,2,autobus,1764788360,51.75049,19.51255
2,11312_3420,54B,1002,51.76409149169922,19.50787925720215,798,Niciarniana-Piłsudskiego,20,2,autobus,1764788360,51.76256,19.50822
3,11312_2937,51A,1004,51.822288513183594,19.487369537353516,1447,Wycieczkowa-Nowaka Jeziorańskiego NŻ,18,2,autobus,1764788362,51.82526,19.48795
4,11312_11047,Z3,1005,51.798091888427734,19.456079483032227,199,Łagiewnicka-Kowalska,5,0,autobus,1764788364,51.79523,19.45556
5,11312_5153,66,1007,51.801841735839844,19.458160400390625,313,r. Powstańców 1863r.,14,0,autobus,1764788356,51.80124,19.45937
6,11312_8424,87B,1165,51.77981185913086,19.48151969909668,1280,Pomorska-rondo Solidarności,18,2,autobus,1764788356,51.77883,19.48298
7,11312_2994,51B,1167,51.777259826660156,19.478919982910156,1369,Uniwersytecka-Rewolucji 1905r.,22,2,autobus,1764788360,51.77593,19.47699
8,11312_3957,59,1169,51.80345153808594,19.440929412841797,2813,Zgierska-cm. Radogoszcz,9,2,autobus,1764788354,51.80698,19.43949
9,11312_10992,Z3,1178,51.79214096069336,19.454879760742188,2491,Dolna-Łagiewnicka,10,2,autobus,1764788362,51.79133,19.45432
10,11312_4057,59,1179,51.815940856933594,19.43572998046875,1210,Zgierska-Sikorskiego,7,2,autobus,1764788350,51.81485,19.43439
11,11312_3990,59,1180,51.78266906738281,19.450410842895508,634,Zachodnia-Lutomierska NŻ,13,0,autobus,1764788362,51.78251,19.45032
12,11312_9375,96,1189,51.79753112792969,19.39495086669922,22,Traktorowa-Aleksandrowska,36,2,autobus,1764788362,51.79712,19.39419
13,11312_3294,53B,1193,51.77111053466797,19.46377944946289,763,Narutowicza-pl. Dąbrowskiego,3,2,autobus,1764788362,51.77193,19.47047
14,11312_9295,96,1194,51.741310119628906,19.56402015686035,3448,Hetmańska-Zakładowa,43,2,autobus,1764788364,51.74081,19.56926
15,11312_6877,78,1196,51.796241760253906,19.394189834594727,3569,Traktorowa-Łanowa,5,2,autobus,1764788364,51.79444,19.39376
16,11312_7363,80B,1205,51.75600051879883,19.423240661621094,563,Krzemieniecka-Kowieńska,38,0,autobus,1764788356,51.75617,19.42183
17,11312_7320,80B,1208,51.74488830566406,19.552780151367188,566,Książąt Polskich-Zakładowa,40,2,autobus,1764788358,51.7442,19.55199
18,11312_8236,86,1209,51.77027130126953,19.467350006103516,2990,Rodziny Poznańskich-Dw. Łódź Fabryczna,2,0,autobus,1764788366,51.76983,19.46573
19,11312_7408,80B,1210,51.774620056152344,19.42089080810547,2084,Lutomierska-Włókniarzy,17,2,autobus,1764788358,51.78922,19.42292
20,11312_7375,80B,1213,51.76641082763672,19.466550827026367,1362,Tuwima-Kilińskiego (EC1 Centr. Nauki),25,1,autobus,1764788358,51.7664,19.46667
21,11312_7414,80B,1216,51.763851165771484,19.43868064880371,1675,Łąkowa-Struga,15,2,autobus,1764788358,51.7631,19.43941
22,11312_7331,80B,1217,51.76325988769531,19.4677791595459,789,Nawrot-Targowa,22,2,autobus,1764788362,51.76355,19.47347
23,11312_4960,65A,1325,51.771240234375,19.43239974975586,2716,Legionów-Artyleryjska NŻ,23,0,autobus,1764788364,51.7711,19.43188
24,11312_4870,64B,1329,51.75994110107422,19.518049240112305,1062,Przybyszewskiego-Lodowa,28,2,autobus,1764788356,51.75184,19.52215
25,11312_9758,99,1331,51.8178596496582,19.418920516967773,602,Radogoszcz Zachód,37,0,autobus,1764788348,51.81756,19.41923
26,11312_9779,99,1332,51.79140090942383,19.425479888916016,1990,Limanowskiego-Mokra,27,0,autobus,1764788362,51.79113,19.42662
27,11312_8146,86,1334,51.764461517333984,19.447120666503906,3636,Żeromskiego-Struga,19,2,autobus,1764788360,51.76541,19.44694
28,11312_9391,96,1335,51.75025177001953,19.48940086364746,1086,Śmigłego Rydza-Milionowa,17,2,autobus,1764788362,51.75256,19.48937
29,11312_9816,99,1337,51.748050689697266,19.40574073791504,36,Retkińska-Wyszyńskiego,8,2,autobus,1764788362,51.74902,19.40745
30,11312_9514,96,1338,51.77286911010742,19.482519149780273,488,Kopcińskiego-Narutowicza,25,0,autobus,1764788362,51.7721,19.48277
31,11312_6820,78,1340,51.80290985107422,19.367319107055664,1767,Aleksandrowska-Szczecińska,9,2,autobus,1764788364,51.80249,19.36915
32,11312_9420,96,1343,0.0,0.0,500,Rokicińska-Maszynowa,8,2,autobus,1764788362,51.76255,19.5287
33,11312_7927,83,1345,51.76226043701172,19.453380584716797,538,Zamenhofa-Piotrkowska,28,2,autobus,1764788358,51.76217,19.45637
34,11312_9569,96,1346,51.77362823486328,19.45292091369629,332,Zachodnia-Legionów,26,2,autobus,1764788360,51.77555,19.45251
35,11312_9323,96,1348,51.77696990966797,19.45185089111328,1040,Próchnika-Piotrkowska,18,2,autobus,1764788364,51.77466,19.45454
36,11312_9309,96,1349,51.748538970947266,19.489530563354492,1303,Śmigłego Rydza-Przybyszewskiego,30,0,autobus,1764788364,51.74821,19.48958
37,11312_8575,88B,1352,51.85493850708008,19.639419555664062,1871,Skoszewy,33,2,autobus,1764788352,51.8548,19.63899
38,11312_10743,Z,1355,51.77204132080078,19.470640182495117,1369,Uniwersytecka-Rewolucji 1905r.,11,2,autobus,1764788362,51.77593,19.47699
39,11312_8687,89,1356,51.817378997802734,19.420289993286133,604,11 Listopada-Jantarowa,8,2,autobus,1764788350,51.81533,19.42281
40,11312_8496,87B,1366,51.778480529785156,19.44754981994629,3032,Ogrodowa-Gdańska,15,2,autobus,1764788354,51.77821,19.44637
41,11312_7821,83,1383,51.79262924194336,19.391569137573242,1128,Rojna-Traktorowa,23,1,autobus,1764788360,51.79257,19.39184
42,11312_7893,83,1384,51.768131256103516,19.483509063720703,492,Tuwima-Rodz. Kindermannów NŻ,35,0,autobus,1764788362,51.76768,19.48244
43,11312_7787,83,1386,51.77925109863281,19.398679733276367,553,Krakowska-Biegunowa,15,2,autobus,1764788360,51.77537,19.39866
44,11312_7804,83,1387,51.81193923950195,19.37721061706543,3799,Szczecińska-Wersalska,3,0,autobus,1764788362,51.81123,19.37639
45,11312_8213,86,1391,51.75736999511719,19.434459686279297,977,Włókniarzy-Mickiewicza (Dw. Ł. Kaliska),12,2,autobus,1764788360,51.75695,19.43384
46,11312_3307,53B,1393,51.80432891845703,19.7545108795166,2039,Traugutta(Brzeziny),5,2,autobus,1764788350,51.80095,19.75263
47,11312_8258,86,1394,51.77396011352539,19.474950790405273,1369,Uniwersytecka-Rewolucji 1905r.,29,0,autobus,1764788354,51.77593,19.47699
48,11312_9457,96,1395,51.749481201171875,19.50334930419922,1079,Przybyszewskiego-Zapadła,15,2,autobus,1764788356,51.74888,19.49989
49,11312_5100,65A,1399,0.0,0.0,315,Łagiewnicka-r. Powstańców 1863r.,36,1,autobus,1764788352,51.8004,19.45721
50,11312_4975,65A,1469,51.764190673828125,19.43947982788086,1561,Żeligowskiego-Struga,17,2,autobus,1764788360,51.76508,19.43936
51,11312_9527,96,1471,51.78633117675781,19.43320083618164,628,Lutomierska-Czarnkowska,14,2,autobus,1764788364,51.78511,19.43787
52,11312_9872,99,1474,51.79798889160156,19.432939529418945,3063,Hipoteczna-Pojezierska,10,0,autobus,1764788360,51.79738,19.43268
53,11312_5029,65A,1475,51.77043914794922,19.428869247436523,374,1 Maja-Żeligowskiego,22,2,autobus,1764788356,51.77064,19.43709
54,11312_9336,96,1476,51.795989990234375,19.40195083618164,13,Aleksandrowska-Bielicowa,9,2,autobus,1764788358,51.79566,19.40353
55,11312_4478,60D,1478,51.788631439208984,19.48516082763672,1277,Palki-Smutna,10,2,autobus,1764788362,51.7873,19.48388
56,11312_5051,65A,1479,51.81127166748047,19.455490112304688,658,Łagiewnicka-Morelowa NŻ,7,2,autobus,1764788358,51.80763,19.4581
57,11312_7841,83,1480,51.76908874511719,19.44607925415039,1245,Żeromskiego-pl. Barlickiego,11,2,autobus,1764788360,51.76892,19.44621
58,11312_7485,81A,1484,51.80828857421875,19.396270751953125,1349,Traktorowa-św. Teresy NŻ,28,0,autobus,1764788360,51.80761,19.39626
59,11312_9795,99,1485,51.76966094970703,19.438400268554688,1407,Więckowskiego-Żeligowskiego,19,2,autobus,1764788358,51.76992,19.43759
60,11312_9630,96,1489,51.76654052734375,19.42729949951172,749,Włókniarzy-Karolewska (Dw. Ł. Kaliska),16,0,autobus,1764788360,51.75837,19.43371
61,11312_9445,96,1491,51.787540435791016,19.429460525512695,301,Lutomierska-Klonowa,30,2,autobus,1764788366,51.7882,19.42729
62,11312_3188,53A,1493,51.793861389160156,19.590009689331055,1017,Pomorska-Nowosolna,4,2,autobus,1764788362,51.7932,19.58952
63,11312_7523,81A,1494,51.79909133911133,19.449480056762695,344,Pojezierska-Zgierska,16,2,autobus,1764788364,51.79736,19.44332
64,11312_4950,65A,1496,51.78464889526367,19.4265193939209,369,Kutrzeby-Odolanowska,28,2,autobus,1764788364,51.785,19.43174
65,11312_9361,96,1497,51.79426956176758,19.376829147338867,1130,Rojna-Rydzowa,41,0,autobus,1764788362,51.79464,19.37508
66,11312_7609,81A,1499,51.79690170288086,19.409730911254883,87,Brukowa-Pojezierska,12,2,autobus,1764788362,51.80011,19.41086
67,11312_6281,73,1551,51.781150817871094,19.443220138549805,208,Drewnowska-Piwna,4,1,autobus,1764788358,51.78108,19.44308
68,11312_8190,86,1552,51.739830017089844,19.40081024169922,713,Maratońska-Plocka,20,0,autobus,1764788350,51.73871,19.39729
69,11312_3917,58B,1553,51.78179168701172,19.522239685058594,317,Janosika-Telefoniczna,13,2,autobus,1764788364,51.78266,19.52236
70,11312_4825,64B,1555,51.792388916015625,19.523820877075195,102,Janosika-Powstańców Śląskich,15,0,autobus,1764788352,51.79239,19.5237
71,11312_8613,88C,1556,51.812660217285156,19.553939819335938,735,Marmurowa-Moskuliki,17,2,autobus,1764788352,51.81051,19.5497
72,11312_4898,64B,1558,51.78704071044922,19.44968032836914,3163,Zachodnia-Limanowskiego,31,2,autobus,1764788358,51.78767,19.44933
73,11312_8659,89,1560,51.80630111694336,19.42593002319336,611,Włókniarzy-Liściasta NŻ,16,2,autobus,1764788362,51.80966,19.42571
74,11312_7586,81A,1592,51.79983901977539,19.476970672607422,306,Zagajnikowa-Inflancka,22,0,autobus,1764788360,51.79939,19.47682
75,11312_9405,96,1593,51.74784851074219,19.55091094970703,1499,Przybyszewskiego-Augustów NŻ,8,2,autobus,1764788354,51.74904,19.54762
76,11312_8168,86,1596,51.7370491027832,19.39185905456543,702,Maratońska-Maratońska 91 NŻ,5,0,autobus,1764788360,51.73683,19.39123
77,11312_6847,78,1598,51.8159294128418,19.320959091186523,1920,Wojska Polskiego-Bratoszewskiego (Aleks.,17,0,autobus,1764788354,51.81617,19.31961
78,11312_9541,96,1599,51.795570373535156,19.361419677734375,1122,Rojna-Wici,2,2,autobus,1764788362,51.79473,19.36999
79,11312_3895,58B,1906,51.775428771972656,19.53318977355957,1212,Zbocze-Potokowa NŻ,10,2,autobus,1764788360,51.77654,19.53094
80,11312_8029,84B,1910,51.79587936401367,19.361299514770508,2463,Teofilów Rojna,11,2,autobus,1764788358,51.7958,19.36141
81,11312_4353,60A,1941,0.0,0.0,1259,Strykowska-Łodzianka NŻ,17,2,autobus,1764788362,51.82496,19.51999
82,11312_7984,84A,1942,51.80282974243164,19.36870002746582,1766,Aleksandrowska-Szczecińska,5,1,autobus,1764788358,51.80258,19.37003
83,11312_4853,64B,1943,51.791011810302734,19.48615074157715,1227,Sporna-Wojska Polskiego,23,2,autobus,1764788362,51.78967,19.47902
84,11312_6310,73,1944,51.789119720458984,19.448810577392578,634,Zachodnia-Lutomierska NŻ,12,0,autobus,1764788366,51.78251,19.45032
85,11312_8337,87A,1945,51.784358978271484,19.42630958557129,300,Kasprzaka-Kutrzeby,5,1,autobus,1764788362,51.78442,19.42628
86,11312_8629,88D,1947,51.79676818847656,19.517309188842773,100,Brzezińska-Janosika,12,2,autobus,1764788362,51.79653,19.52353
87,11312_6724,77,2002,51.761741638183594,19.481069564819336,1051,Przędzalniana-Piłsudskiego,4,0,autobus,1764788358,51.76201,19.48098
88,11312_6120,72A,2099,51.76985168457031,19.428260803222656,833,Legionów-Włókniarzy,45,2,autobus,1764788360,51.76944,19.42697
89,11312_3501,55A,2102,51.748069763183594,19.48967933654785,1303,Śmigłego Rydza-Przybyszewskiego,34,1,autobus,1764788362,51.74821,19.48958
90,11312_3760,57,2103,51.76715850830078,19.46129035949707,3277,Sienkiewicza-Traugutta,15,2,autobus,1764788364,51.76884,19.46101
91,11312_3563,55A,2112,51.74979019165039,19.40838050842285,1117,Kusocińskiego-Babickiego,37,2,autobus,1764788360,51.75215,19.39934
92,11312_3799,57,2114,51.76219940185547,19.462289810180664,3092,Sienkiewicza-Roosevelta,18,0,autobus,1764788362,51.76131,19.46249
93,11312_6357,75A,2116,51.762210845947266,19.54235076904297,510,Służbowa-Dw. Łódź Widzew,2,0,autobus,1764788362,51.76195,19.5433
94,11312_3804,57,2117,51.74394989013672,19.430599212646484,810,Nowe Sady-ROD Olimpijka NŻ,3,2,autobus,1764788204,51.74324,19.42654
95,11312_6079,72A,2118,51.73353958129883,19.504789352416992,255,Gojawiczyńskiej-Dąbrowskiego,38,2,autobus,1764788362,51.73478,19.50498
96,11312_5259,68,2119,51.699798583984375,19.43321990966797,3504,Farna-Plażowa NŻ,23,2,autobus,1764788362,51.69972,19.43826
97,11312_6367,75A,2122,51.76346969604492,19.510509490966797,941,Piłsudskiego-Widzew Stadion,44,2,autobus,1764788354,51.76372,19.51738
98,11312_7638,82A,2124,51.76036071777344,19.536609649658203,1134,Rokicińska-Rondo Inwalidów,3,2,autobus,1764788362,51.76012,19.53863
99,11312_4662,62,2125,51.71371841430664,19.486949920654297,515,Rzgowska-św. Wojciecha,20,0,autobus,1764788358,51.71406,19.48682
100,11312_9675,97A,2126,51.78937911987305,19.363079071044922,2439,Słowiańska-Szczecińska (Anton.),21,2,autobus,1764788360,51.79,19.35346
101,11312_3829,57,2129,51.74639892578125,19.429330825805664,813,Nowe Sady-zajezdnia MPK NŻ,19,2,autobus,1764788364,51.74632,19.43062
102,11312_3452,55A,2176,51.75177001953125,19.485729217529297,1048,Tymienieckiego-Przędzalniana,14,2,autobus,1764788362,51.75413,19.48284
103,11312_6040,72A,2180,51.74440002441406,19.457399368286133,990,Wólczańska-Czerwona,33,2,autobus,1764788360,51.74608,19.457
104,11312_6570,76,2183,51.75490188598633,19.41259002685547,564,Krzemieniecka-Retkińska,11,2,autobus,1764788358,51.75815,19.41418
105,11312_6067,72A,2326,51.74940872192383,19.573219299316406,1485,Janów,53,2,autobus,1764788358,51.75211,19.57442
106,11312_6049,72A,2330,51.74156188964844,19.56290054321289,1496,Zakładowa-Odnowiciela,6,0,autobus,1764788356,51.74187,19.5616
107,11312_6465,75B,2331,51.74808120727539,19.493289947509766,1301,Tatrzańska-Brzechwy NŻ,16,0,autobus,1764788364,51.74695,19.49362
108,11312_3781,57,2333,51.79001998901367,19.486339569091797,1277,Palki-Smutna,7,2,autobus,1764788362,51.7873,19.48388
109,11312_6544,76,2335,51.80575942993164,19.389699935913086,348,Kaczeńcowa-św. Teresy NŻ,25,2,autobus,1764788360,51.80859,19.39133
110,11312_6515,75B,2337,51.70322036743164,19.438129425048828,1157,Rudzka-Przestrzenna,44,0,autobus,1764788362,51.70351,19.43684
111,11312_5354,69A,2339,51.75226974487305,19.524839401245117,1074,Przybyszewskiego-Lodowa,6,2,autobus,1764788354,51.75186,19.52147
112,11312_10924,Z13,2343,51.769710540771484,19.446449279785156,1542,Zielona-pl. Barlickiego,22,1,autobus,1764788358,51.76976,19.44642
113,11312_3113,52,2344,51.72808837890625,19.468530654907227,907,Paderewskiego-Tuszyńska,12,2,autobus,1764788362,51.72886,19.47079
114,11312_10943,Z13,2348,51.76103973388672,19.485599517822266,1298,Kopcińskiego-Piłsudskiego,10,2,autobus,1764788358,51.76255,19.48479
115,11312_5394,69A,2349,51.74623107910156,19.43242073059082,3224,Nowe Sady-Elektronowa NŻ,13,2,autobus,1764788360,51.7413,19.4342
116,11312_10614,W,2350,51.730960845947266,19.512310028076172,1385,Ossendowskiego-Lodowa NŻ,4,0,autobus,1764788354,51.73074,19.51222
117,11312_6761,77,2362,51.726768493652344,19.439380645751953,3034,Leszczowa-Dw. Łódź Pabianicka NŻ,19,2,autobus,1764788356,51.72638,19.44466
118,11312_6091,72A,2391,51.744869232177734,19.4510498046875,1564,Wróblewskiego-Politechniki (kampus PŁ),25,2,autobus,1764788348,51.74435,19.45253
119,11312_6005,71B,2402,51.739219665527344,19.49527931213379,3026,park Podolski,29,2,autobus,1764788364,51.74074,19.49916
120,11312_9058,92A,2403,51.74248123168945,19.47756004333496,3522,Zarzewska-Kilińskiego,28,2,autobus,1764788362,51.7434,19.47539
121,11312_9196,93,2406,51.75539016723633,19.4354190826416,2776,Włókniarzy-Mickiewicza (Dw. Ł. Kaliska),17,2,autobus,1764788356,51.75684,19.43456
122,11312_9093,92A,2407,51.70566940307617,19.607559204101562,446,Kolumny-Czajewskiego NŻ,30,2,autobus,1764788356,51.70421,19.61155
123,11312_4747,63,2408,51.71900939941406,19.43851089477539,685,Pabianicka-3 Maja,15,2,autobus,1764788360,51.71877,19.4373
124,11312_9167,93,2409,51.705509185791016,19.48242950439453,923,Matek Polskich-ICZMP szpital,18,0,autobus,1764788358,51.70553,19.48238
125,11312_4631,62,2410,51.710289001464844,19.44083023071289,196,Demokratyczna-Starorudzka,17,2,autobus,1764788356,51.70983,19.43708
126,11312_6384,75A,2411,51.71168899536133,19.465190887451172,192,Demokratyczna-Bartoszewskiego,15,1,autobus,1764788364,51.71169,19.46361
127,11312_7693,82A,2413,51.73820877075195,19.608489990234375,1747,Gajcego-Zakładowa NŻ,6,0,autobus,1764788364,51.7382,19.60841
128,11312_9692,97B,2414,51.77421951293945,19.32632064819336,2078,Niesięcin-Aleksandrowska NŻ,2,2,autobus,1764788362,51.77418,19.32557
129,11312_5873,70,2485,51.73360061645508,19.488630294799805,76,Tatrzańska-Dąbrowskiego,11,2,autobus,1764788364,51.73819,19.4949
130,11312_9260,94,2488,51.74264907836914,19.326929092407227,3093,1-go Maja 21 NŻ,15,0,autobus,1764788356,51.74256,19.3271
131,11312_5385,69A,2491,51.729251861572266,19.47987937927246,2861,Kilińskiego-Dw. Łódź Chojny,23,2,autobus,1764788356,51.72784,19.48022
132,11312_3055,52,2492,51.72779846191406,19.446950912475586,2563,Jana Pawła II-Pabianicka,12,1,autobus,1764788360,51.72775,19.44704
133,11312_5315,69A,2493,51.736541748046875,19.44339942932129,846,Obywatelska-Jana Pawła II,33,2,autobus,1764788358,51.73656,19.44115
134,11312_9235,94,2494,51.747440338134766,19.325389862060547,3098,Jana Pawła II-pl. Kościuszki (Konst.),13,0,autobus,1764788362,51.74777,19.32494
135,11312_5328,69A,2497,51.729061126708984,19.457719802856445,912,Paderewskiego-Zaolziańska,29,2,autobus,1764788362,51.7296,19.45661
136,11312_10853,Z13,2499,51.73072052001953,19.475229263305664,81,Rzgowska-Bankowa,27,2,autobus,1764788362,51.72916,19.47632
137,11312_6496,75B,2551,51.73128128051758,19.479089736938477,2861,Kilińskiego-Dw. Łódź Chojny,26,2,autobus,1764788350,51.72784,19.48022
138,11312_4599,62,2554,51.71535110473633,19.4327392578125,221,Pabianicka-Dubois,7,2,autobus,1764788354,51.71548,19.43407
139,11312_3547,55A,2555,51.74137878417969,19.406410217285156,704,Maratońska-Dw. Łódź Retkinia,8,1,autobus,1764788362,51.74132,19.40638
140,11312_5219,68,2556,51.70051956176758,19.429180145263672,3503,Farna-Albańska NŻ,15,0,autobus,1764788358,51.7003,19.43025
141,11312_3596,55A,2558,51.749019622802734,19.45005989074707,3613,Politechniki-park im. Klepacza NŻ,22,0,autobus,1764788360,51.74817,19.45026
142,11312_10781,Z,2559,51.79603958129883,19.54581069946289,769,Narutowicza-pl. Dąbrowskiego,13,1,autobus,1764788362,51.77194,19.46998
143,11312_5843,70,2594,51.77537155151367,19.482500076293945,486,Kopcińskiego-Rondo Solidarności,20,2,autobus,1764788358,51.77798,19.48185
144,11312_6058,72A,2595,51.75188064575195,19.57427978515625,1695,Hetmańska-Juranda ze Spychowa,2,2,autobus,1764788356,51.74958,19.57309
145,11312_10873,Z13,2598,51.7724494934082,19.476200103759766,766,Narutowicza-Tramwajowa,16,1,autobus,1764788360,51.77239,19.47599
146,11312_5942,71A,2901,51.7093391418457,19.488819122314453,2446,Kolumny-Rzgowska NŻ,6,2,autobus,1764788362,51.70929,19.48907
147,11312_6747,77,2903,51.7559814453125,19.423730850219727,562,Bandurskiego-Wileńska,10,2,autobus,1764788356,51.75389,19.4212
148,11312_6702,77,2908,51.75157165527344,19.44658088684082,1103,Radwańska-Politechniki (kampus PŁ),9,2,autobus,1764788360,51.75166,19.44791
149,11312_4705,63,2937,51.72283935546875,19.433069229125977,1682,Pokładowa-Świętojańska NŻ,18,2,autobus,1764788362,51.71871,19.43126
150,11312_7731,82B,2945,51.73712158203125,19.588380813598633,1487,Zakładowa-Tranzytowa NŻ,17,2,autobus,1764788360,51.73693,19.59063
151,11312_3613,55A,2946,51.75199890136719,19.451419830322266,1563,Politechniki-Radwańska (kampus PŁ),21,2,autobus,1764788362,51.75146,19.44934
152,11312_6104,72A,2949,51.77619171142578,19.399009704589844,553,Krakowska-Biegunowa,9,2,autobus,1764788364,51.77537,19.39866
153,11312_5745,70,2980,51.722389221191406,19.482919692993164,1184,Rzgowska-cm. Rzgowska,25,2,autobus,1764788356,51.72048,19.48402
154,11312_3705,57,2982,51.746009826660156,19.431379318237305,807,Nowe Sady-zajezdnia NOWE SADY,10,0,autobus,1764788276,51.74605,19.43138
155,11312_6620,76,2983,51.74589920043945,19.39834976196289,3077,Armii Krajowej-Batalionów Chłopskich,24,2,autobus,1764788360,51.74252,19.40092
156,11312_5374,69A,2993,51.75141906738281,19.521099090576172,1062,Przybyszewskiego-Lodowa,40,0,autobus,1764788362,51.75184,19.52215
157,11312_6347,75A,2997,51.71887969970703,19.49530029296875,3058,Sternfelda-Powszechna,29,2,autobus,1764788360,51.71804,19.49553
158,11312_1271,16,4001,51.73183059692383,19.452579498291016,878,Pabianicka-Wólczańska,26,2,tramwaj,1764788362,51.73666,19.45959
159,11312_1348,17,4005,0.0,0.0,997,Politechniki-Skrzywana,22,2,tramwaj,1764788362,51.7393,19.45231
160,11312_1604,18,4007,0.0,0.0,1457,Retkinia,27,2,tramwaj,1764788358,51.74211,19.38443
161,11312_4143,6,4053,51.75959014892578,19.456729888916016,2777,Piotrkowska Centrum,13,1,tramwaj,1764788350,51.7593,19.45653
162,11312_40,1,4056,51.73503875732422,19.478729248046875,378,Kilińskiego-Dąbrowskiego,3,2,tramwaj,1764788364,51.73939,19.47875
163,11312_1836,2,4058,51.760040283203125,19.4555606842041,2778,Piotrkowska Centrum,22,2,tramwaj,1764788356,51.75916,19.45762
164,11312_2146,3,4059,51.74945068359375,19.503379821777344,1079,Przybyszewskiego-Zapadła,5,2,tramwaj,1764788356,51.74888,19.49989
165,11312_2859,5,4060,51.79124069213867,19.42486000061035,585,Limanowskiego-Mokra,8,2,tramwaj,1764788358,51.79121,19.425
166,11312_1407,17,4202,51.77745056152344,19.461339950561523,1003,Pomorska-Kilińskiego,24,1,tramwaj,1764788358,51.77734,19.46144
167,11312_8758,9,4207,51.73453140258789,19.574750900268555,2800,OLECHÓW,22,2,tramwaj,1764788364,51.73359,19.57566
168,11312_8813,9,4209,51.77193832397461,19.47007942199707,769,Narutowicza-pl. Dąbrowskiego,21,1,tramwaj,1764788358,51.77194,19.46998
169,11312_1080,15,4213,51.77825927734375,19.489089965820312,1007,Pomorska-Tamka,28,1,tramwaj,1764788356,51.77814,19.48908
170,11312_7106,8,4246,51.7635612487793,19.521699905395508,943,Rokicińska-Maszynowa,26,2,tramwaj,1764788350,51.7624,19.52778
171,11312_7209,8,4251,51.792449951171875,19.4189395904541,583,Limanowskiego-Pułaskiego,7,2,tramwaj,1764788364,51.79249,19.41879
172,11312_1900,2,4254,51.73851013183594,19.478660583496094,147,Dąbrowskiego-Kilińskiego,30,2,tramwaj,1764788354,51.73831,19.48002
173,11312_1568,18,4264,51.748008728027344,19.40542984008789,1460,Wyszyńskiego-Retkińska,4,1,tramwaj,1764788356,51.74803,19.40564
174,11312_6961,8,4275,51.7576904296875,19.43376922607422,508,Włókniarzy-Karolewska (Dw. Ł. Kaliska),21,2,tramwaj,1764788354,51.75825,19.4335
175,11312_2631,45,4448,51.79719161987305,19.444570541381836,1505,Zgierska-Julianowska,17,1,tramwaj,1764788364,51.79714,19.44461
176,11312_7161,8,4455,51.7559814453125,19.43808937072754,509,Mickiewicza-Żeromskiego,15,2,tramwaj,1764788354,51.75805,19.44924
177,11312_2229,4,4507,51.7364387512207,19.50075912475586,156,Dąbrowskiego-Podhalańska,35,2,tramwaj,1764788360,51.73624,19.50306
178,11312_1030,15,4536,51.776058197021484,19.44763946533203,286,Gdańska-1 Maja,18,2,tramwaj,1764788362,51.77332,19.44814
179,11312_8786,9,4559,51.762168884277344,19.493099212646484,938,Piłsudskiego-Konstytucyjna (Wi-Ma),8,2,tramwaj,1764788362,51.7629,19.50223
180,11312_1234,16,4565,51.736778259277344,19.459699630737305,182,Pabianicka-Wólczańska,3,0,tramwaj,1764788356,51.73599,19.45877
181,11312_1047,15,4571,51.77764129638672,19.49428939819336,1026,Pomorska-Tamka,9,2,tramwaj,1764788362,51.77816,19.49027
182,11312_416,10B,4578,51.74251174926758,19.38372039794922,1457,Retkinia,33,2,tramwaj,1764788360,51.74211,19.38443
183,11312_757,12,4579,51.78327178955078,19.519939422607422,1316,Telefoniczna-Weselna,28,1,tramwaj,1764788356,51.78318,19.51986
184,11312_453,10B,4581,51.762451171875,19.527860641479492,943,Rokicińska-Maszynowa,21,1,tramwaj,1764788360,51.7624,19.52778
185,11312_797,12,4583,51.75878143310547,19.452789306640625,543,Piotrkowska Centrum,11,2,tramwaj,1764788354,51.75924,19.45762
186,11312_186,10A,4587,51.74747085571289,19.413419723510742,1461,Wyszyńskiego-os. Piaski,5,1,tramwaj,1764788350,51.74749,19.41334
187,11312_280,10B,4588,51.75905990600586,19.456249237060547,543,Piotrkowska Centrum,11,2,tramwaj,1764788354,51.75924,19.45762
188,11312_167,10A,4589,51.74637985229492,19.39876937866211,1470,Wyszyńskiego-blok 270,24,2,tramwaj,1764788354,51.74447,19.39206
189,11312_704,12,4593,51.7722282409668,19.473590850830078,769,Narutowicza-pl. Dąbrowskiego,12,2,tramwaj,1764788352,51.77194,19.46998
190,11312_181,10A,4594,51.76036834716797,19.4702205657959,957,Piłsudskiego-Kilińskiego,13,2,tramwaj,1764788356,51.76032,19.4695
191,11312_384,10B,4595,51.76422119140625,19.51807975769043,944,Piłsudskiego-Widzew Stadion,13,2,tramwaj,1764788358,51.7642,19.51663
192,11312_250,10A,4596,51.76163864135742,19.486949920654297,496,Piłsudskiego-Sarnia,17,2,tramwaj,1764788356,51.76212,19.49261
193,11312_257,10A,4598,51.77729034423828,19.49803924560547,234,Pomorska-CKD szpital,22,2,tramwaj,1764788354,51.77747,19.50263
194,11312_368,10B,4599,51.75896072387695,19.45384979248047,523,Mickiewicza-Żeromskiego,23,2,tramwaj,1764788350,51.7581,19.44897
195,11312_7087,8,4604,51.7529411315918,19.531450271606445,1100,Przybyszewskiego-Rondo Sybiraków,30,2,tramwaj,1764788362,51.75261,19.52918
196,11312_7142,8,4612,51.759239196777344,19.45754051208496,543,Piotrkowska Centrum,16,1,tramwaj,1764788362,51.75924,19.45762
197,11312_2705,5,4623,51.79581832885742,19.402099609375,12,Aleksandrowska-Bielicowa,5,1,tramwaj,1764788352,51.79584,19.40203
198,11312_1550,18,4704,51.766151428222656,19.465829849243164,394,Kilińskiego-Tuwima,15,1,tramwaj,1764788356,51.76607,19.46591
199,11312_2649,45,4726,51.782711029052734,19.509849548339844,1312,Telefoniczna- ET-1,2,2,tramwaj,1764788356,51.78291,19.50991
200,11312_1817,2,4732,51.74869918823242,19.460859298706055,963,Piotrkowska-Czerwona,26,2,tramwaj,1764788358,51.74664,19.46116
201,11312_8841,9,4736,51.758609771728516,19.5492000579834,2781,Rokicińska-Gogola,10,2,tramwaj,1764788364,51.75954,19.5442
202,11312_1063,15,4808,51.782371520996094,19.530899047851562,1322,Stoki,37,2,tramwaj,1764788352,51.78244,19.52969
203,11312_1214,16,4820,51.76655960083008,19.427099227905273,1412,Włókniarzy-Legionów,15,2,tramwaj,1764788360,51.76841,19.42611
204,11312_6999,8,4826,51.76108932495117,19.480119705200195,498,Piłsudskiego-Przędzalniana,14,2,tramwaj,1764788364,51.7611,19.48004
205,11312_1919,2,4828,51.73992919921875,19.464330673217773,181,pl. Niepodległości,8,2,tramwaj,1764788352,51.7399,19.46358
206,11312_2067,3,4861,51.743221282958984,19.46446990966797,965,Przybyszewskiego-Brzozowa,22,2,tramwaj,1764788360,51.744,19.46872
207,11312_5671,7,4862,51.75996017456055,19.536630630493164,1093,Rokicińska-Rondo Inwalidów,28,2,tramwaj,1764788362,51.76039,19.53895
208,11312_2612,45,4864,0.0,0.0,1531,Zgierska-Biegańskiego,14,2,tramwaj,1764788360,51.79963,19.44265
209,11312_932,14,4881,51.75408172607422,19.426639556884766,65,Bandurskiego-Dw. Łódź Kaliska,4,2,tramwaj,1764788350,51.75575,19.43286
210,11312_905,14,4884,51.75062942504883,19.489370346069336,1303,Śmigłego Rydza-Przybyszewskiego,14,2,tramwaj,1764788354,51.74821,19.48958
211,11312_957,14,4885,51.75423812866211,19.426799774169922,364,Karolewska-Wileńska,18,2,tramwaj,1764788362,51.75254,19.42535
212,11312_777,12,4888,51.77389144897461,19.492490768432617,770,Narutowicza-Radiostacja,23,2,tramwaj,1764788358,51.77419,19.49494
213,11312_738,12,4891,51.78255081176758,19.528579711914062,1323,Telefoniczna-Pieniny,2,2,tramwaj,1764788356,51.78303,19.52507
214,11312_984,14,4892,51.747230529785156,19.489700317382812,1295,Śmigłego Rydza-Przybyszewskiego,7,0,tramwaj,1764788356,51.74716,19.48983
215,11312_7123,8,4902,51.761741638183594,19.488319396972656,496,Piłsudskiego-Sarnia,22,2,tramwaj,1764788354,51.76212,19.49261
216,11312_7176,8,4910,51.77199935913086,19.421960830688477,1423,Włókniarzy-Legionów,12,2,tramwaj,1764788362,51.76814,19.42609
217,11312_2165,4,4913,51.786041259765625,19.452659606933594,970,Zgierska-Bałucki Rynek,24,1,tramwaj,1764788360,51.78595,19.45273
218,11312_7246,8,4926,51.80208969116211,19.367359161376953,7,Teofilów,34,2,tramwaj,1764788362,51.80241,19.36814
219,11312_2592,45,4928,51.781768798828125,19.507570266723633,1314,Telefoniczna Zajezdnia,33,2,tramwaj,1764788350,51.78164,19.50658
220,11312_108,1,4953,51.74591064453125,19.475820541381836,422,Kilińskiego-Przybyszewskiego,18,1,tramwaj,1764788362,51.74593,19.47575
221,11312_7069,8,4954,51.76163864135742,19.532329559326172,2780,Puszkina-Rondo Inwalidów,27,2,tramwaj,1764788362,51.75971,19.53639
222,11312_2750,5,4960,51.78615188598633,19.452550888061523,1502,Limanowskiego-Zachodnia,25,2,tramwaj,1764788360,51.78696,19.44994
223,11312_2359,41,5015,51.7365608215332,19.459379196166992,182,Pabianicka-Wólczańska,3,1,tramwaj,1764788356,51.73599,19.45877
224,11312_6980,8,5017,51.759830474853516,19.46363067626953,392,Piłsudskiego-Sienkiewicza,17,1,tramwaj,1764788354,51.75979,19.46331
225,11312_1368,17,5021,51.77663040161133,19.452560424804688,818,Legionów-Zachodnia,12,0,tramwaj,1764788362,51.77663,19.45259
226,11312_1872,2,5250,51.80284881591797,19.36693000793457,5,Aleksandrowska-Szczecińska,3,2,tramwaj,1764788356,51.80279,19.36713
227,11312_2785,5,5272,51.738590240478516,19.477680206298828,378,Kilińskiego-Dąbrowskiego,7,2,tramwaj,1764788362,51.73939,19.47875
228,11312_1936,2,5366,51.74259948730469,19.462190628051758,964,Piotrkowska-pl. Niepodległości,27,2,tramwaj,1764788360,51.74045,19.46261
229,11312_2481,43,5368,51.7618293762207,19.447040557861328,867,Pabianicka- ET-2,2,2,tramwaj,1764788362,51.70791,19.42414
230,11312_628,11,5370,51.72761154174805,19.44849967956543,873,Pabianicka-Jana Pawła II,9,1,tramwaj,1764788356,51.72755,19.44853
231,11312_1657,19,5373,51.7181396484375,19.485639572143555,1168,Rzgowska-cm. Rzgowska,2,2,tramwaj,1764788366,51.72119,19.4839
232,11312_2279,4,5376,51.7854118347168,19.452659606933594,1536,Zgierska-pl. Kościelny,15,2,tramwaj,1764788362,51.78381,19.453
233,11312_1668,19,5377,51.763851165771484,19.454729080200195,541,Kościuszki-Zamenhofa,21,2,tramwaj,1764788362,51.76231,19.455
234,11312_1493,18,5382,51.77716827392578,19.499160766601562,237,Pomorska-Konstytucyjna,3,2,tramwaj,1764788362,51.77743,19.49715
235,11312_2247,4,5384,51.772098541259766,19.476680755615234,3005,Tramwajowa-Narutowicza,24,1,tramwaj,1764788356,51.77217,19.47671
236,11312_2197,4,5385,51.77164840698242,19.482969284057617,480,Kopcińskiego-Narutowicza,12,2,tramwaj,1764788364,51.77254,19.48288
237,11312_685,12,5386,51.75600051879883,19.435680389404297,507,Bandurskiego-Dw. Łódź Kaliska,21,2,tramwaj,1764788364,51.75578,19.43239
238,11312_643,11,5387,51.75967025756836,19.455669403076172,2778,Piotrkowska Centrum,22,2,tramwaj,1764788358,51.75916,19.45762
239,11312_1644,19,5389,51.74559020996094,19.461519241333008,890,Piotrkowska-Czerwona,11,1,tramwaj,1764788358,51.7457,19.46156
240,11312_655,11,5391,51.77275848388672,19.452869415283203,1480,Kościuszki-6 Sierpnia,19,2,tramwaj,1764788360,51.7686,19.45364
241,11312_1662,19,5392,51.73064041137695,19.454280853271484,879,Paderewskiego-Zaolziańska,30,2,tramwaj,1764788358,51.72933,19.45675
242,11312_614,11,5393,51.76327896118164,19.45486068725586,541,Kościuszki-Zamenhofa,21,2,tramwaj,1764788362,51.76231,19.455
243,11312_1674,19,5396,51.79153060913086,19.448509216308594,201,Zgierska-Dolna,13,2,tramwaj,1764788360,51.78981,19.44913
244,11312_1638,19,5399,51.78261184692383,19.45056915283203,1039,Zachodnia-Lutomierska,22,0,tramwaj,1764788366,51.78345,19.45031
245,11312_5650,7,5491,51.756248474121094,19.45915985107422,544,Piotrkowska-Żwirki,10,2,tramwaj,1764788362,51.75614,19.45916
246,11312_5713,7,5492,51.745670318603516,19.476900100708008,381,Przybyszewskiego-Brzozowa,16,2,tramwaj,1764788360,51.74426,19.46966
247,11312_5610,7,5494,51.74678039550781,19.483470916748047,383,Przybyszewskiego-Łęczycka,17,2,tramwaj,1764788360,51.74691,19.48399
248,11312_5693,7,5495,51.74665069580078,19.4613094329834,963,Piotrkowska-Czerwona,13,0,tramwaj,1764788360,51.74664,19.46116
249,11312_5588,7,5497,51.756919860839844,19.535320281982422,1091,Puszkina-Chmielowskiego,26,2,tramwaj,1764788356,51.75782,19.53573
250,11312_1311,16,5624,51.799171447753906,19.385400772094727,8,Aleksandrowska-Kaczeńcowa,5,2,tramwaj,1764788364,51.79902,19.38607
251,11312_1194,16,5633,51.80247116088867,19.36918067932129,30,Aleksandrowska-Szczecińska,26,1,tramwaj,1764788364,51.80251,19.36904
252,11312_6942,8,5637,51.79771041870117,19.393020629882812,25,Aleksandrowska-Kaczeńcowa,31,2,tramwaj,1764788358,51.79879,19.38764
253,11312_1001,15,5641,51.726661682128906,19.462839126586914,902,Paderewskiego-Karpacka,30,0,tramwaj,1764788354,51.7266,19.46286
254,11312_69,1,5697,51.72739028930664,19.479490280151367,376,Dw. Łódź Chojny,23,2,tramwaj,1764788356,51.72775,19.48009
255,11312_4095,6,5698,51.718448638916016,19.484920501708984,1168,Rzgowska-cm. Rzgowska,2,2,tramwaj,1764788356,51.72119,19.4839
256,11312_1128,15,5710,51.72990036010742,19.472980499267578,911,Paderewskiego-Tuszyńska,5,2,tramwaj,1764788356,51.72887,19.47024
257,11312_2382,41,5740,51.73981857299805,19.46347999572754,887,pl. Niepodległości,30,2,tramwaj,1764788362,51.7398,19.46373
258,11312_2525,43,5797,51.74750900268555,19.32583999633789,2092,Łódzka-pl. Kościuszki (Konst.),17,1,tramwaj,1764788360,51.74758,19.32599
259,11312_1784,2,5798,51.78192901611328,19.450729370117188,1479,Zachodnia-Manufaktura,16,2,tramwaj,1764788356,51.78021,19.45125
260,11312_2767,5,5812,51.76261901855469,19.46755027770996,391,Kilińskiego-Nawrot,14,1,tramwaj,1764788354,51.76267,19.46766
261,11312_666,11,5851,51.81779861450195,19.432849884033203,1526,Zgierska-Sikorskiego,6,0,tramwaj,1764788364,51.8161,19.4335
262,11312_1439,17,5854,51.7464714050293,19.45085906982422,2758,Politechniki-Targi Łódzkie,14,0,tramwaj,1764788362,51.74995,19.45004
263,11312_2405,41,5855,51.67169189453125,19.39699935913086,1888,Łódzka-Teklin,16,2,tramwaj,1764788356,51.67626,19.39942
264,11312_2337,41,5856,51.66856002807617,19.395309448242188,1889,Warszawska-Duży Skręt (Pabianice),18,0,tramwaj,1764788362,51.66392,19.39287
265,11312_1623,18,5906,51.75975036621094,19.463199615478516,392,Piłsudskiego-Sienkiewicza,15,1,tramwaj,1764788356,51.75979,19.46331
266,11312_2829,5,5924,51.78379821777344,19.45305061340332,1536,Zgierska-pl. Kościelny,14,1,tramwaj,1764788354,51.78381,19.453
267,11312_4132,6,5998,51.78541946411133,19.464250564575195,266,Wojska Polskiego-Marynarska,22,0,tramwaj,1764788364,51.78566,19.46553
